Workbook

Sheet ピボット テーブル 1

Sheet 連結テーブル
A1: ='T_オーダー'!A1 -> ID | B1: ='T_オーダー'!B1 -> 受注日 | C1: ='T_オーダー'!C1 -> 得意先コード | D1: 得意先エリア | E1: 得意先名 | F1: ='T_オーダー'!D1 -> 商品コード | G1: 商品カテゴリ | H1: 商品名 | I1: 商品単価 | J1: ='T_オーダー'!E1 -> 数量 | K1: 金額
A2: ='T_オーダー'!A2 -> 1 | B2: ='T_オーダー'!B2 -> 46023 | C2: ='T_オーダー'!C2 -> A000005 | D2: {=XLOOKUP($C2,'M_得意先マスタ'!$A:$A,'M_得意先マスタ'!$C:$C)} -> WEST | E2: {=XLOOKUP($C2,'M_得意先マスタ'!$A:$A,'M_得意先マスタ'!$B:$B)} -> CUST_005 | F2: ='T_オーダー'!D2 -> AAA00010 | G2: {=XLOOKUP($F2,'M_商品マスタ'!$A:$A,'M_商品マスタ'!$C:$C)} -> CCC | H2: {=XLOOKUP($F2,'M_商品マスタ'!$A:$A,'M_商品マスタ'!$B:$B)} -> PROD_J | I2: {=XLOOKUP($F2,'M_商品マスタ'!$A:$A,'M_商品マスタ'!$D:$D)} -> 100000 | J2: ='T_オーダー'!E2 -> 30 | K2: =I2*J2 -> 3000000
A3: ='T_オーダー'!A3 -> 2 | B3: ='T_オーダー'!B3 -> 46024 | C3: ='T_オーダー'!C3 -> A000010 | D3: {=XLOOKUP($C3,'M_得意先マスタ'!$A:$A,'M_得意先マスタ'!$C:$C)} -> SOUTH | E3: {=XLOOKUP($C3,'M_得意先マスタ'!$A:$A,'M_得意先マスタ'!$B:$B)} -> CUST_010 | F3: ='T_オーダー'!D3 -> AAA00005 | G3: {=XLOOKUP($F3,'M_商品マスタ'!$A:$A,'M_商品マスタ'!$C:$C)} -> AAA | H3: {=XLOOKUP($F3,'M_商品マスタ'!$A:$A,'M_商品マスタ'!$B:$B)} -> PROD_E | I3: {=XLOOKUP($F3,'M_商品マスタ'!$A:$A,'M_商品マスタ'!$D:$D)} -> 98 | J3: ='T_オーダー'!E3 -> 440 | K3: =I3*J3 -> 43120
A4: ='T_オーダー'!A4 -> 3 | B4: ='T_オーダー'!B4 -> 46026 | C4: ='T_オーダー'!C4 -> A000007 | D4: {=XLOOKUP($C4,'M_得意先マスタ'!$A:$A,'M_得意先マスタ'!$C:$C)} -> NORTH | E4: {=XLOOKUP($C4,'M_得意先マスタ'!$A:$A,'M_得意先マスタ'!$B:$B)} -> CUST_007 | F4: ='T_オーダー'!D4 -> AAA00010 | G4: {=XLOOKUP($F4,'M_商品マスタ'!$A:$A,'M_商品マスタ'!$C:$C)} -> CCC | H4: {=XLOOKUP($F4,'M_商品マスタ'!$A:$A,'M_商品マスタ'!$B:$B)} -> PROD_J | I4: {=XLOOKUP($F4,'M_商品マスタ'!$A:$A,'M_商品マスタ'!$D:$D)} -> 100000 | J4: ='T_オーダー'!E4 -> 720 | K4: =I4*J4 -> 72000000
A5: ='T_オーダー'!A5 -> 4 | B5: ='T_オーダー'!B5 -> 46027 | C5: ='T_オーダー'!C5 -> A000001 | D5: {=XLOOKUP($C5,'M_得意先マスタ'!$A:$A,'M_得意先マスタ'!$C:$C)} -> EAST | E5: {=XLOOKUP($C5,'M_得意先マスタ'!$A:$A,'M_得意先マスタ'!$B:$B)} -> CUST_001 | F5: ='T_オーダー'!D5 -> AAA00001 | G5: {=XLOOKUP($F5,'M_商品マスタ'!$A:$A,'M_商品マスタ'!$C:$C)} -> AAA | H5: {=XLOOKUP($F5,'M_商品マスタ'!$A:$A,'M_商品マスタ'!$B:$B)} -> PROD_A | I5: {=XLOOKUP($F5,'M_商品マスタ'!$A:$A,'M_商品マスタ'!$D:$D)} -> 100 | J5: ='T_オーダー'!E5 -> 80 | K5: =I5*J5 -> 8000
A6: ='T_オーダー'!A6 -> 5 | B6: ='T_オーダー'!B6 -> 46031 | C6: ='T_オーダー'!C6 -> A000003 | D6: {=XLOOKUP($C6,'M_得意先マスタ'!$A:$A,'M_得意先マスタ'!$C:$C)} -> EAST | E6: {=XLOOKUP($C6,'M_得意先マスタ'!$A:$A,'M_得意先マスタ'!$B:$B)} -> CUST_003 | F6: ='T_オーダー'!D6 -> AAA00002 | G6: {=XLOOKUP($F6,'M_商品マスタ'!$A:$A,'M_商品マスタ'!$C:$C)} -> BBB | H6: {=XLOOKUP($F6,'M_商品マスタ'!$A:$A,'M_商品マスタ'!$B:$B)} -> PROD_B | I6: {=XLOOKUP($F6,'M_商品マスタ'!$A:$A,'M_商品マスタ'!$D:$D)} -> 5000 | J6: ='T_オーダー'!E6 -> 270 | K6: =I6*J6 -> 1350000
A7: ='T_オーダー'!A7 -> 6 | B7: ='T_オーダー'!B7 -> 46033 | C7: ='T_オーダー'!C7 -> A000009 | D7: {=XLOOKUP($C7,'M_得意先マスタ'!$A:$A,'M_得意先マスタ'!$C:$C)} -> SOUTH | E7: {=XLOOKUP($C7,'M_得意先マスタ'!$A:$A,'M_得意先マスタ'!$B:$B)} -> CUST_009 | F7: ='T_オーダー'!D7 -> AAA00004 | G7: {=XLOOKUP($F7,'M_商品マスタ'!$A:$A,'M_商品マスタ'!$C:$C)} -> CCC | H7: {=XLOOKUP($F7,'M_商品マスタ'!$A:$A,'M_商品マスタ'!$B:$B)} -> PROD_D | I7: {=XLOOKUP($F7,'M_商品マスタ'!$A:$A,'M_商品マスタ'!$D:$D)} -> 350000 | J7: ='T_オーダー'!E7 -> 310 | K7: =I7*J7 -> 108500000
A8: ='T_オーダー'!A8 -> 7 | B8: ='T_オーダー'!B8 -> 46034 | C8: ='T_オーダー'!C8 -> A000002 | D8: {=XLOOKUP($C8,'M_得意先マスタ'!$A:$A,'M_得意先マスタ'!$C:$C)} -> EAST | E8: {=XLOOKUP($C8,'M_得意先マスタ'!$A:$A,'M_得意先マスタ'!$B:$B)} -> CUST_002 | F8: ='T_オーダー'!D8 -> AAA00003 | G8: {=XLOOKUP($F8,'M_商品マスタ'!$A:$A,'M_商品マスタ'!$C:$C)} -> DDD | H8: {=XLOOKUP($F8,'M_商品マスタ'!$A:$A,'M_商品マスタ'!$B:$B)} -> PROD_C | I8: {=XLOOKUP($F8,'M_商品マスタ'!$A:$A,'M_商品マスタ'!$D:$D)} -> 1000 | J8: ='T_オーダー'!E8 -> 450 | K8: =I8*J8 -> 450000
A9: ='T_オーダー'!A9 -> 8 | B9: ='T_オーダー'!B9 -> 46038 | C9: ='T_オーダー'!C9 -> A000007 | D9: {=XLOOKUP($C9,'M_得意先マスタ'!$A:$A,'M_得意先マスタ'!$C:$C)} -> NORTH | E9: {=XLOOKUP($C9,'M_得意先マスタ'!$A:$A,'M_得意先マスタ'!$B:$B)} -> CUST_007 | F9: ='T_オーダー'!D9 -> AAA00005 | G9: {=XLOOKUP($F9,'M_商品マスタ'!$A:$A,'M_商品マスタ'!$C:$C)} -> AAA | H9: {=XLOOKUP($F9,'M_商品マスタ'!$A:$A,'M_商品マスタ'!$B:$B)} -> PROD_E | I9: {=XLOOKUP($F9,'M_商品マスタ'!$A:$A,'M_商品マスタ'!$D:$D)} -> 98 | J9: ='T_オーダー'!E9 -> 930 | K9: =I9*J9 -> 91140
A10: ='T_オーダー'!A10 -> 9 | B10: ='T_オーダー'!B10 -> 46043 | C10: ='T_オーダー'!C10 -> A000007 | D10: {=XLOOKUP($C10,'M_得意先マスタ'!$A:$A,'M_得意先マスタ'!$C:$C)} -> NORTH | E10: {=XLOOKUP($C10,'M_得意先マスタ'!$A:$A,'M_得意先マスタ'!$B:$B)} -> CUST_007 | F10: ='T_オーダー'!D10 -> AAA00004 | G10: {=XLOOKUP($F10,'M_商品マスタ'!$A:$A,'M_商品マスタ'!$C:$C)} -> CCC | H10: {=XLOOKUP($F10,'M_商品マスタ'!$A:$A,'M_商品マスタ'!$B:$B)} -> PROD_D | I10: {=XLOOKUP($F10,'M_商品マスタ'!$A:$A,'M_商品マスタ'!$D:$D)} -> 350000 | J10: ='T_オーダー'!E10 -> 710 | K10: =I10*J10 -> 248500000
A11: ='T_オーダー'!A11 -> 10 | B11: ='T_オーダー'!B11 -> 46044 | C11: ='T_オーダー'!C11 -> A000001 | D11: {=XLOOKUP($C11,'M_得意先マスタ'!$A:$A,'M_得意先マスタ'!$C:$C)} -> EAST | E11: {=XLOOKUP($C11,'M_得意先マスタ'!$A:$A,'M_得意先マスタ'!$B:$B)} -> CUST_001 | F11: ='T_オーダー'!D11 -> AAA00001 | G11: {=XLOOKUP($F11,'M_商品マスタ'!$A:$A,'M_商品マスタ'!$C:$C)} -> AAA | H11: {=XLOOKUP($F11,'M_商品マスタ'!$A:$A,'M_商品マスタ'!$B:$B)} -> PROD_A | I11: {=XLOOKUP($F11,'M_商品マスタ'!$A:$A,'M_商品マスタ'!$D:$D)} -> 100 | J11: ='T_オーダー'!E11 -> 10 | K11: =I11*J11 -> 1000
A12: ='T_オーダー'!A12 -> 11 | B12: ='T_オーダー'!B12 -> 46048 | C12: ='T_オーダー'!C12 -> A000001 | D12: {=XLOOKUP($C12,'M_得意先マスタ'!$A:$A,'M_得意先マスタ'!$C:$C)} -> EAST | E12: {=XLOOKUP($C12,'M_得意先マスタ'!$A:$A,'M_得意先マスタ'!$B:$B)} -> CUST_001 | F12: ='T_オーダー'!D12 -> AAA00008 | G12: {=XLOOKUP($F12,'M_商品マスタ'!$A:$A,'M_商品マスタ'!$C:$C)} -> BBB | H12: {=XLOOKUP($F12,'M_商品マスタ'!$A:$A,'M_商品マスタ'!$B:$B)} -> PROD_H | I12: {=XLOOKUP($F12,'M_商品マスタ'!$A:$A,'M_商品マスタ'!$D:$D)} -> 3407 | J12: ='T_オーダー'!E12 -> 300 | K12: =I12*J12 -> 1022100
A13: ='T_オーダー'!A13 -> 12 | B13: ='T_オーダー'!B13 -> 46053 | C13: ='T_オーダー'!C13 -> A000003 | D13: {=XLOOKUP($C13,'M_得意先マスタ'!$A:$A,'M_得意先マスタ'!$C:$C)} -> EAST | E13: {=XLOOKUP($C13,'M_得意先マスタ'!$A:$A,'M_得意先マスタ'!$B:$B)} -> CUST_003 | F13: ='T_オーダー'!D13 -> AAA00001 | G13: {=XLOOKUP($F13,'M_商品マスタ'!$A:$A,'M_商品マスタ'!$C:$C)} -> AAA | H13: {=XLOOKUP($F13,'M_商品マスタ'!$A:$A,'M_商品マスタ'!$B:$B)} -> PROD_A | I13: {=XLOOKUP($F13,'M_商品マスタ'!$A:$A,'M_商品マスタ'!$D:$D)} -> 100 | J13: ='T_オーダー'!E13 -> 530 | K13: =I13*J13 -> 53000
... A30: ='T_オーダー'!A30 -> 29 | B30: ='T_オーダー'!B30 -> 46115 | C30: ='T_オーダー'!C30 -> A000002 | D30: {=XLOOKUP($C30,'M_得意先マスタ'!$A:$A,'M_得意先マスタ'!$C:$C)} -> EAST | E30: {=XLOOKUP($C30,'M_得意先マスタ'!$A:$A,'M_得意先マスタ'!$B:$B)} -> CUST_002 | F30: ='T_オーダー'!D30 -> AAA00002 | G30: {=XLOOKUP($F30,'M_商品マスタ'!$A:$A,'M_商品マスタ'!$C:$C)} -> BBB | H30: {=XLOOKUP($F30,'M_商品マスタ'!$A:$A,'M_商品マスタ'!$B:$B)} -> PROD_B | I30: {=XLOOKUP($F30,'M_商品マスタ'!$A:$A,'M_商品マスタ'!$D:$D)} -> 5000 | J30: ='T_オーダー'!E30 -> 280 | K30: =I30*J30 -> 1400000

Sheet T_オーダー
A1: ID | B1: 受注日 | C1: 得意先コード | D1: 商品コード | E1: 数量
A2: 1 | B2: 46023 | C2: A000005 | D2: AAA00010 | E2: 30
A3: 2 | B3: 46024 | C3: A000010 | D3: AAA00005 | E3: 440
A4: 3 | B4: 46026 | C4: A000007 | D4: AAA00010 | E4: 720
A5: 4 | B5: 46027 | C5: A000001 | D5: AAA00001 | E5: 80
A6: 5 | B6: 46031 | C6: A000003 | D6: AAA00002 | E6: 270
A7: 6 | B7: 46033 | C7: A000009 | D7: AAA00004 | E7: 310
A8: 7 | B8: 46034 | C8: A000002 | D8: AAA00003 | E8: 450
A9: 8 | B9: 46038 | C9: A000007 | D9: AAA00005 | E9: 930
A10: 9 | B10: 46043 | C10: A000007 | D10: AAA00004 | E10: 710
A11: 10 | B11: 46044 | C11: A000001 | D11: AAA00001 | E11: 10
A12: 11 | B12: 46048 | C12: A000001 | D12: AAA00008 | E12: 300
A13: 12 | B13: 46053 | C13: A000003 | D13: AAA00001 | E13: 530
... A30: 29 | B30: 46115 | C30: A000002 | D30: AAA00002 | E30: 280

Sheet M_得意先マスタ
A1: 得意先コード | B1: 得意先名 | C1: 得意先エリア
A2: A000001 | B2: CUST_001 | C2: EAST
A3: A000002 | B3: CUST_002 | C3: EAST
A4: A000003 | B4: CUST_003 | C4: EAST
A5: A000004 | B5: CUST_004 | C5: EAST
A6: A000005 | B6: CUST_005 | C6: WEST
A7: A000006 | B7: CUST_006 | C7: WEST
A8: A000007 | B8: CUST_007 | C8: NORTH
A9: A000008 | B9: CUST_008 | C9: NORTH
A10: A000009 | B10: CUST_009 | C10: SOUTH
A11: A000010 | B11: CUST_010 | C11: SOUTH
A12: A000011 | B12: CUST_011 | C12: SOUTH

Sheet M_商品マスタ
A1: 商品コード | B1: 商品名 | C1: 商品カテゴリ | D1: 商品単価
A2: AAA00001 | B2: PROD_A | C2: AAA | D2: 100
A3: AAA00002 | B3: PROD_B | C3: BBB | D3: 5000
A4: AAA00003 | B4: PROD_C | C4: DDD | D4: 1000
A5: AAA00004 | B5: PROD_D | C5: CCC | D5: 350000
A6: AAA00005 | B6: PROD_E | C6: AAA | D6: 98
A7: AAA00006 | B7: PROD_F | C7: AAA | D7: 120
A8: AAA00007 | B8: PROD_G | C8: AAA | D8: 101
A9: AAA00008 | B9: PROD_H | C9: BBB | D9: 3407
A10: AAA00009 | B10: PROD_I | C10: BBB | D10: 4500
A11: AAA00010 | B11: PROD_J | C11: CCC | D11: 100000
A12: AAA00011 | B12: PROD_K | C12: CCC | D12: 400000
